#cluster_id	adj_1-tadj_2	read_support	vaf	genotype	sv_type	det_sv_type	direction	bnd	phaseblock	genome_ids
severus_0	-chr10:7017548|+chr19:17286002	11	0.34375	het	BND	Templated_ins	TH	inter	(7125773, 18199821)	COLO829-PB_tumor.bam
severus_0	-chr10:7592409|-chr18:9868619	8	0.24242424242424243	het	BND	None	HH/TT	inter	(7675026, 10879505)	COLO829-PB_tumor.bam
severus_0	+chr10:7090914|-chr19:17286830	11	0.34375	het	BND	Templated_ins	HT	inter	(7125773, 18199821)	COLO829-PB_tumor.bam
severus_1	+chr7:126106069|-chr7:126526846	27	0.36	het	DEL		HT	intra	(128159436, 128159436)	COLO829-PB_tumor.bam
severus_1	+chr7:126527390|+chr7:144239439	28	0.22580645161290322	het	BND	dup_inv_segment	HH/TT	intra	(128159436, 144323814)	COLO829-PB_tumor.bam
severus_1	-chr7:126458433|-chr7:126527386	26	0.30952380952380953	het	BND	dup_inv_segment	HH/TT	intra	(128159436, 128159436)	COLO829-PB_tumor.bam
severus_2	-chr3:26390425|-chr6:26193810	21	0.20192307692307693	hom	BND	None	HH/TT	inter		COLO829-PB_tumor.bam
severus_2	+chr3:26622431|+chr3:26623008	49	0.4224137931034483	het	BND	foldback	HH/TT	intra	(26754225, 26754225)	COLO829-PB_tumor.bam
severus_2	-chr3:26390425|+chr6:26194178	22	0.20952380952380953	hom	BND	None	HT	inter		COLO829-PB_tumor.bam
severus_3	-chr9:28031864|-chr9:28034468	5	0.20833333333333334	het	BND	None	HH/TT	intra	(28665426, 28665426)	COLO829-PB_tumor.bam
severus_3	+chr9:28031837|+chr9:28059142	16	0.47058823529411764	het	BND	None	HH/TT	intra	(28665426, 28665426)	COLO829-PB_tumor.bam
severus_3	+chr9:28034301|-chr9:28157693	9	0.34615384615384615	het	BND	None	HT	intra	(28665426, 28665426)	COLO829-PB_tumor.bam
severus_4	+chr15:23586514|+chr15:23747556	25	0.373134328358209	het	BND	dup_inv_segment	HH/TT	intra	(25714965, 25714965)	COLO829-PB_tumor.bam
severus_4	-chr15:23440459|-chr15:23461731	19	0.25	het	BND	dup_inv_segment	HH/TT	intra	(25714965, 25714965)	COLO829-PB_tumor.bam
severus_5	+chr7:144262133|-chr7:144391700	29	0.3411764705882353	het	DEL		HT	intra	(144323814, 144650480)	COLO829-PB_tumor.bam
severus_5	+chr7:144241248|+chr7:144393372	31	0.2818181818181818	hom	BND	None	HH/TT	intra		COLO829-PB_tumor.bam
severus_6	-chr3:24523614|-chr3:24524687	47	0.46078431372549017	het	BND	foldback	HH/TT	intra	(24527779, 24527779)	COLO829-PB_tumor.bam
severus_6	+chr3:25359111|+chr3:25359568	23	0.15753424657534246	het	BND	foldback	HH/TT	intra	(25398614, 25398614)	COLO829-PB_tumor.bam
