Category	TP	FP	FN	Precision	Recall	F1
Combined	33395	3129	3630	0.914330	0.901958	0.908102
Indels	336	93	194	0.783217	0.633962	0.700730
SNVs	33059	3036	3364	0.915889	0.907641	0.911746
