Category	TP	FP	FN	Precision	Recall	F1
Combined	23776	13031	13249	0.645964	0.642161	0.644057
Indels	152	620	378	0.196891	0.286792	0.233487
SNVs	23624	12411	12799	0.655585	0.648601	0.652074
