Category	TP	FP	FN	Precision	Recall	F1
Combined	32131	19547	4894	0.621754	0.867819	0.724463
Indels	218	873	312	0.199817	0.411321	0.268970
SNVs	31913	18674	4510	0.630854	0.876177	0.733548
