Category	TP	FP	FN	Precision	Recall	F1
Combined	34913	3150	2112	0.917242	0.942957	0.929922
Indels	420	259	110	0.618557	0.792453	0.694789
SNVs	34493	2891	1930	0.922667	0.947012	0.934681
